198,205,211,215,218,220,221,220,218,216,212,208,203,198,192,185,178,170,162,153,143,134,123,113,102,92,92,92,92,92,92,92,92,92,92,92,92,92,92,92,92,92,92,92,92,92,92,92,92,92,92,92,92,92,92,92,92,92,92,92,92,92,92,95,108,122,135,147,159,170,181,190,198
198,205,211,215,218,220,221,220,218,216,212,208,203,198,192,185,178,170,162,153,143,134,123,113,102,92,92,92,92,92,92,92,92,92,92,92,92,92,92,92,92,92,92,92,92,92,92,92,92,92,92,92,92,92,92,92,92,92,92,92,92,92,92,95,108,122,135,147,159,170,181,190,198
198,205,211,215,218,220,221,220,218,216,212,208,203,198,192,185,178,170,162,153,143,134,123,113,102,92,92,92,92,92,92,92,92,92,92,92,92,92,92,92,92,92,92,92,92,92,92,92,92,92,92,92,92,92,92,92,92,92,92,92,92,92,92,95,108,122,135,147,159,170,181,190,198
198,205,211,215,218,220,221,220,218,216,212,208,203,198,192,185,178,170,162,153,143,134,123,113,102,92,92,92,92,92,92,92,92,92,92,92,92,92,92,92,92,92,92,92,92,92,92,92,92,92,92,92,92,92,92,92,92,92,92,92,92,92,92,95,108,122,135,147,159,170,181,190,198
198,205,211,215,218,220,221,220,218,216,212,208,203,198,192,185,178,170,162,153,143,134,123,113,102,92,92,92,92,92,92,92,92,92,92,92,92,92,92,92,92,92,92,92,92,92,92,92,92,92,92,92,92,92,92,92,92,92,92,92,92,92,92,95,108,122,135,147,159,170,181,190,198
198,205,211,215,218,220,221,220,218,216,212,208,203,198,192,185,178,170,162,153,143,134,123,113,102,92,92,92,92,92,92,92,92,92,92,92,92,92,92,92,92,92,92,92,92,92,92,92,92,92,92,92,92,92,92,92,92,92,92,92,92,92,92,95,108,122,135,147,159,170,181,190,198
199,206,212,216,219,221,221,220,218,215,211,207,201,195,188,181,173,165,156,146,137,126,116,105,94,92,92,92,92,92,92,92,92,92,92,92,92,92,92,92,92,92,92,92,92,92,92,92,92,92,92,92,92,92,92,92,92,92,92,92,92,92,92,95,109,122,136,148,161,172,182,191,199
201,208,214,218,221,222,222,221,219,215,211,206,199,193,185,177,169,160,150,140,130,119,108,97,92,92,92,92,92,92,92,92,92,92,92,92,92,92,92,92,92,92,92,92,92,92,92,92,92,92,92,92,92,92,92,92,92,92,92,92,92,92,92,95,109,123,137,150,162,174,184,193,201
204,211,216,220,223,224,224,223,220,216,211,205,198,191,183,174,165,155,145,135,124,113,101,92,92,92,92,92,92,92,92,92,92,92,92,92,92,92,92,92,92,92,92,92,92,92,92,92,92,92,92,92,92,92,92,92,92,92,92,92,92,92,92,95,110,124,138,151,164,176,186,196,204
207,214,219,223,225,227,226,225,222,217,212,205,198,190,181,172,162,152,141,130,118,107,95,92,92,92,92,92,92,92,92,92,92,92,92,92,92,92,92,92,92,92,92,92,92,92,92,92,92,92,92,92,92,92,92,92,92,92,92,92,92,92,92,95,110,125,139,153,166,178,189,198,207
210,217,222,226,229,230,229,227,224,219,214,207,199,190,180,170,160,149,137,125,113,101,92,92,92,92,92,92,92,92,92,92,92,92,92,92,92,92,92,92,92,92,92,92,92,92,92,92,92,92,92,92,92,92,92,92,92,92,92,92,92,92,92,95,111,126,141,155,168,181,192,201,210
213,220,226,230,232,233,232,230,227,222,216,209,200,191,181,170,158,146,134,122,109,97,92,92,92,92,92,92,92,92,92,92,92,92,92,92,92,92,92,92,92,92,92,92,92,92,92,92,92,92,92,92,92,92,92,92,92,92,92,92,92,92,92,96,111,127,142,157,171,183,195,205,213
217,224,230,234,236,237,236,234,230,225,219,211,203,193,182,171,159,147,134,121,108,95,92,92,92,92,92,92,92,92,92,92,92,92,92,92,92,92,92,92,92,92,92,92,92,92,92,92,92,92,92,92,92,92,92,92,92,92,92,92,92,92,92,96,112,128,144,159,173,186,198,208,217
221,228,234,238,240,241,240,238,234,228,222,214,205,195,184,173,161,148,135,121,108,95,92,92,92,92,92,92,92,92,92,92,92,92,92,92,92,92,92,92,92,92,92,92,92,92,92,92,92,92,92,92,92,92,92,92,92,92,92,92,92,92,92,99,115,131,146,161,176,189,201,212,221
225,233,239,243,245,246,245,242,238,232,225,217,208,198,187,175,162,149,136,122,108,95,92,92,92,92,92,92,92,92,92,92,92,92,92,92,92,92,92,92,92,92,92,92,92,92,92,92,92,92,92,92,92,92,92,92,92,92,92,92,92,92,92,105,121,137,152,166,180,193,205,216,225
230,238,244,248,250,251,250,247,242,237,229,221,211,201,189,177,164,151,137,123,109,95,92,92,92,92,92,92,92,92,92,92,92,92,92,92,92,92,92,92,92,92,92,92,92,92,92,92,92,92,92,92,92,92,92,92,92,92,92,92,92,92,95,112,127,143,158,173,186,199,211,221,230
236,243,249,253,255,256,255,252,247,241,234,225,215,204,192,179,166,152,138,124,109,95,92,92,92,92,92,92,92,92,92,92,92,92,92,92,92,92,92,92,92,92,92,92,92,92,92,92,92,92,92,92,92,92,92,92,92,92,92,92,92,92,103,119,135,150,165,180,193,206,217,227,236
242,249,255,259,261,262,260,257,252,246,238,229,219,207,195,182,168,154,139,125,110,95,92,92,92,92,92,92,92,92,92,92,92,92,92,92,92,92,92,92,92,92,92,92,92,92,92,92,92,92,92,92,92,92,92,92,92,92,92,92,92,94,111,127,143,158,173,187,200,213,224,234,242
249,256,261,265,267,267,266,263,258,251,243,234,223,211,198,185,171,156,141,126,110,95,92,92,92,92,92,92,92,92,92,92,92,92,92,92,92,92,92,92,92,92,92,92,92,92,92,92,92,92,92,92,92,92,92,92,92,92,92,92,92,103,119,136,151,167,181,195,208,220,231,241,249
256,262,267,271,273,273,272,269,264,257,248,238,227,215,202,188,173,158,142,127,111,95,92,92,92,92,92,92,92,92,92,92,92,92,92,92,92,92,92,92,92,92,92,92,92,92,92,92,92,92,92,92,92,92,92,92,92,92,92,92,96,112,129,145,160,175,190,203,216,228,238,248,256
263,269,274,277,279,279,278,275,269,263,254,244,233,220,206,191,176,160,144,128,112,96,92,92,92,92,92,92,92,92,92,92,92,92,92,92,92,92,92,92,92,92,92,92,92,92,92,92,92,92,92,92,92,92,92,92,92,92,92,92,105,122,138,154,170,184,199,212,224,235,246,255,263
270,276,281,284,286,286,284,281,276,269,260,250,239,226,212,196,180,164,147,129,112,96,92,92,92,92,92,92,92,92,92,92,92,92,92,92,92,92,92,92,92,92,92,92,92,92,92,92,92,92,92,92,92,92,92,92,92,92,92,98,115,132,148,164,179,194,208,220,232,243,253,262,270
277,283,287,290,292,292,290,287,282,275,267,257,245,232,218,203,187,170,152,135,118,100,92,92,92,92,92,92,92,92,92,92,92,92,92,92,92,92,92,92,92,92,92,92,92,92,92,92,92,92,92,92,92,92,92,92,92,92,92,109,126,142,158,174,189,203,217,229,241,252,261,270,277
284,290,294,297,298,298,297,293,288,282,273,263,252,239,225,210,193,176,159,141,124,106,92,92,92,92,92,92,92,92,92,92,92,92,92,92,92,92,92,92,92,92,92,92,92,92,92,92,92,92,92,92,92,92,92,92,92,92,102,120,136,153,169,184,199,213,226,238,249,260,269,277,284
291,297,301,304,305,305,303,300,295,288,280,270,259,246,232,217,201,184,166,149,131,113,96,92,92,92,92,92,92,92,92,92,92,92,92,92,92,92,92,92,92,92,92,92,92,92,92,92,92,92,92,92,92,92,92,92,92,96,113,130,147,163,179,194,208,222,235,247,258,268,277,284,291
298,303,307,310,311,311,309,306,301,295,287,277,266,253,239,224,208,191,174,156,138,120,103,92,92,92,92,92,92,92,92,92,92,92,92,92,92,92,92,92,92,92,92,92,92,92,92,92,92,92,92,92,92,92,92,92,92,107,124,141,158,174,189,204,218,231,244,255,266,276,284,292,298
305,310,314,317,318,317,316,312,308,301,293,284,273,261,247,232,216,200,182,164,147,129,111,94,92,92,92,92,92,92,92,92,92,92,92,92,92,92,92,92,92,92,92,92,92,92,92,92,92,92,92,92,92,92,92,92,101,118,135,152,168,184,199,214,227,240,252,264,274,283,292,299,305
312,317,320,323,324,324,322,319,314,308,300,291,280,268,255,240,224,208,191,173,155,137,120,102,92,92,92,92,92,92,92,92,92,92,92,92,92,92,92,92,92,92,92,92,92,92,92,92,92,92,92,92,92,92,92,94,112,129,146,163,179,194,209,223,237,249,261,272,282,291,299,306,312
319,323,327,329,330,330,328,325,320,314,307,298,287,275,262,248,233,217,200,182,164,147,129,112,95,92,92,92,92,92,92,92,92,92,92,92,92,92,92,92,92,92,92,92,92,92,92,92,92,92,92,92,92,92,92,105,123,140,157,173,189,204,219,232,245,258,269,280,289,298,306,313,319
325,329,333,335,336,336,334,331,327,321,313,305,294,283,270,256,241,225,209,191,174,156,139,121,104,92,92,92,92,92,92,92,92,92,92,92,92,92,92,92,92,92,92,92,92,92,92,92,92,92,92,92,92,92,98,116,133,151,167,183,199,214,228,241,254,266,277,287,297,305,313,319,325
331,335,339,341,342,341,340,337,333,327,320,311,301,290,278,264,250,234,218,201,184,166,149,131,114,98,92,92,92,92,92,92,92,92,92,92,92,92,92,92,92,92,92,92,92,92,92,92,92,92,92,92,92,92,109,127,144,161,177,193,208,223,236,249,262,273,284,294,303,312,319,325,331
337,341,344,346,347,347,345,343,338,333,326,318,308,297,285,272,258,243,227,210,193,176,159,142,125,108,92,92,92,92,92,92,92,92,92,92,92,92,92,92,92,92,92,92,92,92,92,92,92,92,92,92,92,102,120,137,154,171,187,202,217,231,245,257,269,281,291,301,310,318,325,331,337
342,346,349,351,352,352,351,348,344,339,332,324,315,304,293,280,266,251,236,220,203,186,169,152,135,119,103,92,92,92,92,92,92,92,92,92,92,92,92,92,92,92,92,92,92,92,92,92,92,92,92,92,95,112,130,147,164,180,196,211,225,239,252,265,276,287,298,307,316,324,331,337,342
347,351,354,356,357,357,356,353,349,344,338,330,321,311,300,288,274,260,245,229,213,196,179,163,146,130,114,98,92,92,92,92,92,92,92,92,92,92,92,92,92,92,92,92,92,92,92,92,92,92,92,92,105,123,140,157,173,189,204,219,233,246,259,271,283,294,304,313,321,329,336,342,347
351,355,358,361,362,361,360,358,354,349,343,336,328,318,307,295,282,268,253,238,222,206,190,173,157,141,125,109,94,92,92,92,92,92,92,92,92,92,92,92,92,92,92,92,92,92,92,92,92,92,92,97,115,132,149,166,182,197,212,226,240,253,266,278,289,299,309,318,326,334,340,346,351
355,359,362,365,366,366,365,362,359,354,349,342,333,324,314,302,290,276,262,247,232,216,200,183,167,151,136,120,106,92,92,92,92,92,92,92,92,92,92,92,92,92,92,92,92,92,92,92,92,92,92,107,124,141,158,174,190,205,219,233,247,259,271,283,294,304,314,322,331,338,345,350,355
359,363,366,368,369,369,369,366,363,359,353,347,339,330,320,309,297,284,270,256,241,225,209,194,178,162,147,131,117,102,92,92,92,92,92,92,92,92,92,92,92,92,92,92,92,92,92,92,92,92,99,116,133,150,166,182,197,211,226,239,252,265,277,288,298,308,318,326,334,342,348,354,359
362,366,369,371,372,373,372,370,367,363,358,352,344,336,326,315,304,291,278,264,249,234,219,203,188,172,157,142,128,113,100,92,92,92,92,92,92,92,92,92,92,92,92,92,92,92,92,92,92,92,108,125,141,157,173,188,203,218,231,245,257,269,281,292,302,312,321,330,338,345,351,357,362
364,368,371,374,375,376,375,373,371,367,362,356,349,341,331,321,310,298,285,272,257,243,228,213,198,183,168,153,138,124,110,97,92,92,92,92,92,92,92,92,92,92,92,92,92,92,92,92,92,99,116,132,149,164,180,195,209,223,236,249,261,273,284,295,305,315,324,332,340,347,354,359,364
366,370,373,376,377,378,377,376,374,370,366,360,353,345,336,327,316,304,292,279,265,251,237,222,207,192,178,163,149,135,121,108,95,92,92,92,92,92,92,92,92,92,92,92,92,92,92,92,92,107,124,140,155,171,186,200,214,227,240,253,265,276,287,298,308,317,326,334,342,349,355,361,366
367,371,375,377,379,380,379,378,376,373,369,363,357,349,341,332,321,310,298,286,273,259,245,231,216,202,187,173,159,145,131,118,105,93,92,92,92,92,92,92,92,92,92,92,92,92,92,92,98,115,131,146,161,176,191,205,218,231,244,256,267,278,289,299,309,318,327,335,343,350,356,362,367
367,372,375,378,380,381,381,380,378,375,371,366,360,353,345,336,326,316,304,292,279,266,252,239,224,210,196,182,168,154,141,128,115,103,92,92,92,92,92,92,92,92,92,92,92,92,92,92,105,121,137,152,167,181,195,208,221,234,246,258,269,280,290,300,310,319,328,336,343,350,357,362,367
367,371,375,378,380,381,382,381,379,377,373,368,363,356,349,340,331,320,309,298,285,273,259,246,232,218,204,191,177,163,150,137,124,112,100,92,92,92,92,92,92,92,92,92,92,92,92,96,112,127,142,157,171,185,198,211,224,236,248,259,270,280,291,300,310,319,327,335,343,350,356,362,367
366,371,374,377,380,381,382,381,380,378,374,370,365,359,352,343,334,325,314,303,291,279,266,253,239,226,212,199,185,172,159,146,133,121,109,97,92,92,92,92,92,92,92,92,92,92,92,102,117,132,147,161,174,188,201,213,225,237,248,259,270,280,290,299,309,317,326,334,341,348,355,361,366
364,369,373,376,379,380,381,381,380,378,375,371,366,361,354,346,338,328,318,307,296,284,272,259,246,233,219,206,193,180,167,154,141,129,117,105,94,92,92,92,92,92,92,92,92,92,93,108,122,137,150,164,177,190,202,214,226,237,248,258,269,279,288,298,307,315,324,332,339,346,353,359,364
362,366,371,374,377,379,380,380,379,378,375,372,367,362,355,348,340,331,321,311,300,289,277,264,252,239,226,213,200,187,174,161,149,137,125,113,102,92,92,92,92,92,92,92,92,92,98,112,126,140,153,166,179,191,203,214,225,236,247,257,267,276,286,295,304,313,321,329,336,343,350,356,362
358,363,368,371,374,376,378,378,378,377,375,371,367,362,356,350,342,333,324,314,304,293,281,269,257,244,232,219,206,193,181,168,156,143,131,120,108,97,92,92,92,92,92,92,92,92,103,116,130,143,155,168,180,191,202,213,224,234,244,254,264,273,282,291,300,309,317,325,332,339,346,352,358
354,359,364,368,371,373,375,376,376,375,373,370,367,362,357,350,343,335,326,317,306,296,285,273,261,249,236,224,211,199,186,174,162,149,138,126,114,103,92,92,92,92,92,92,92,93,106,119,132,144,156,168,179,190,201,211,222,231,241,251,260,269,278,287,295,304,312,320,327,335,341,348,354
348,354,359,363,367,369,371,373,373,372,371,369,365,361,356,350,343,336,327,318,308,298,287,276,264,253,241,228,216,204,191,179,167,155,143,131,120,109,98,92,92,92,92,92,92,96,109,122,134,145,157,168,178,189,199,209,218,228,237,246,255,264,272,281,290,298,306,314,322,329,336,342,348
342,348,353,358,361,365,367,368,369,369,368,366,363,359,355,349,343,335,328,319,310,300,289,278,267,256,244,232,220,207,195,183,171,159,147,136,124,113,102,92,92,92,92,92,92,99,111,123,134,145,156,166,176,186,196,205,214,223,232,240,249,258,266,274,283,291,299,307,315,322,329,336,342
335,341,346,351,355,359,362,363,365,365,364,363,360,357,352,347,341,335,327,319,310,300,290,280,269,258,246,234,222,211,199,187,175,163,151,139,128,117,106,95,92,92,92,92,92,101,112,123,134,144,154,164,174,183,191,200,209,217,225,234,242,250,259,267,275,283,291,299,307,314,322,328,335
327,333,339,344,348,352,355,357,359,360,359,358,356,353,349,345,339,333,326,318,309,300,291,280,270,259,248,236,224,213,201,189,177,165,154,142,131,120,109,98,92,92,92,92,92,102,113,123,133,143,152,161,170,178,186,195,203,210,218,226,234,242,250,258,266,274,282,290,298,306,313,320,327
317,324,330,335,340,344,348,351,352,354,354,353,351,349,346,341,336,330,323,316,308,299,290,280,270,259,248,237,225,214,202,191,179,167,156,144,133,122,111,100,92,92,92,92,92,103,113,122,131,140,149,157,165,173,181,188,195,203,210,218,225,233,240,248,256,264,272,280,288,296,303,310,317
307,314,320,326,331,336,340,343,345,347,347,347,346,344,341,337,332,327,320,313,306,297,288,279,269,258,248,237,226,214,203,191,180,168,157,145,134,123,112,102,92,92,92,92,93,102,112,120,129,137,145,152,160,167,174,181,187,194,201,208,215,223,230,238,245,253,261,269,277,285,292,300,307
296,303,309,315,321,326,330,334,337,338,340,340,339,337,335,332,327,322,316,310,302,294,286,277,267,257,246,236,225,214,202,191,179,168,157,145,134,123,113,103,93,92,92,92,93,102,110,118,126,133,140,147,154,160,166,172,179,185,191,198,204,211,218,226,233,241,249,257,265,273,280,288,296
283,290,297,304,310,315,320,324,327,329,331,332,331,330,328,325,321,317,311,305,298,290,282,273,264,254,244,234,223,212,201,190,178,167,156,145,134,123,113,103,93,92,92,92,92,100,108,115,122,129,135,141,147,153,158,164,169,175,180,186,193,199,206,213,220,228,235,243,251,259,267,275,283
269,277,284,291,297,303,308,313,316,319,321,322,323,322,320,318,315,310,305,299,293,286,278,269,260,251,241,231,220,209,198,187,176,165,154,143,133,122,112,102,92,92,92,92,92,98,105,112,118,124,129,135,140,144,149,154,159,164,169,174,180,186,192,199,206,213,221,229,237,245,253,261,269
254,262,270,277,284,290,296,301,305,308,311,312,313,313,312,310,307,303,298,293,287,280,272,264,255,246,237,227,216,206,195,184,173,163,152,141,130,120,110,101,92,92,92,92,92,96,102,108,113,118,123,128,132,136,140,144,148,152,157,161,166,172,178,184,191,198,205,213,221,229,238,246,254
238,246,254,262,269,276,282,287,292,296,299,301,302,302,302,300,298,294,290,285,279,273,266,258,250,241,231,222,212,201,191,180,170,159,148,138,128,118,108,99,92,92,92,92,92,94,99,104,109,113,117,120,124,127,130,133,137,140,144,148,152,157,162,168,175,181,189,196,204,213,221,230,238
221,229,237,246,253,260,267,273,278,282,286,288,290,291,291,290,288,285,281,277,271,265,258,251,243,234,225,216,206,196,186,175,165,155,144,134,124,115,105,97,92,92,92,92,92,92,96,100,104,107,110,113,116,118,120,123,125,128,131,134,137,142,146,152,158,164,171,179,186,195,203,212,221
202,211,219,228,236,244,251,257,263,267,272,275,277,278,279,278,277,274,271,267,262,256,250,243,235,227,218,209,199,190,180,170,160,150,140,130,120,111,103,94,92,92,92,92,92,92,93,96,100,102,104,106,108,110,111,112,114,115,117,120,122,126,130,134,140,146,152,160,167,176,184,193,202
182,191,200,209,217,225,233,240,246,252,256,260,263,264,265,265,264,262,260,256,251,246,240,233,226,218,210,201,192,183,173,163,153,144,134,125,116,107,99,92,92,92,92,92,92,92,92,93,96,98,99,100,101,102,102,102,103,103,104,105,107,109,112,116,121,126,133,140,147,155,164,173,182
161,170,179,189,198,206,214,222,228,234,239,244,247,249,251,251,251,250,247,244,240,235,230,223,216,209,201,192,184,175,165,156,147,137,128,120,111,103,96,92,92,92,92,92,92,92,92,92,93,94,95,95,95,95,94,93,92,92,92,92,92,93,95,98,102,107,112,119,126,134,142,151,161
138,148,157,167,176,185,194,202,209,216,222,226,230,233,235,236,236,236,234,231,227,223,218,212,206,198,191,183,174,166,157,148,139,131,122,114,106,99,93,92,92,92,92,92,92,92,92,92,92,92,92,92,92,92,92,92,92,92,92,92,92,92,92,92,92,92,92,97,104,111,120,129,138
114,124,134,144,154,163,172,181,189,196,202,208,212,216,219,220,221,220,219,217,214,210,205,200,194,187,180,172,165,156,148,140,132,124,116,109,102,96,92,92,92,92,92,92,92,92,92,92,92,92,92,92,92,92,92,92,92,92,92,92,92,92,92,92,92,92,92,92,92,92,96,105,114
92,100,110,120,131,141,150,159,168,176,183,189,194,198,201,204,205,205,204,203,200,197,192,187,182,176,169,162,155,147,139,132,124,117,110,104,98,93,92,92,92,92,92,92,92,92,92,92,92,92,92,92,92,92,92,92,92,92,92,92,92,92,92,92,92,92,92,92,92,92,92,92,92
92,100,110,120,131,141,150,159,168,176,183,189,194,198,201,204,205,205,204,203,200,197,192,187,182,176,169,162,155,147,139,132,124,117,110,104,98,93,92,92,92,92,92,92,92,92,92,92,92,92,92,92,92,92,92,92,92,92,92,92,92,92,92,92,92,92,92,92,92,92,92,92,92
92,100,110,120,131,141,150,159,168,176,183,189,194,198,201,204,205,205,204,203,200,197,192,187,182,176,169,162,155,147,139,132,124,117,110,104,98,93,92,92,92,92,92,92,92,92,92,92,92,92,92,92,92,92,92,92,92,92,92,92,92,92,92,92,92,92,92,92,92,92,92,92,92
92,100,110,120,131,141,150,159,168,176,183,189,194,198,201,204,205,205,204,203,200,197,192,187,182,176,169,162,155,147,139,132,124,117,110,104,98,93,92,92,92,92,92,92,92,92,92,92,92,92,92,92,92,92,92,92,92,92,92,92,92,92,92,92,92,92,92,92,92,92,92,92,92
92,100,110,120,131,141,150,159,168,176,183,189,194,198,201,204,205,205,204,203,200,197,192,187,182,176,169,162,155,147,139,132,124,117,110,104,98,93,92,92,92,92,92,92,92,92,92,92,92,92,92,92,92,92,92,92,92,92,92,92,92,92,92,92,92,92,92,92,92,92,92,92,92
92,100,110,120,131,141,150,159,168,176,183,189,194,198,201,204,205,205,204,203,200,197,192,187,182,176,169,162,155,147,139,132,124,117,110,104,98,93,92,92,92,92,92,92,92,92,92,92,92,92,92,92,92,92,92,92,92,92,92,92,92,92,92,92,92,92,92,92,92,92,92,92,92
